Stock_Name,Stock_Species,Stock_Abundance,Forecasting_Year,Run_Year,Brood_Year,Age_Class,Average_Escapement,CV_Escapement,Average_Terminal_Run,CV_Terminal_Run,Average_Production,CV_Production
SPR,Chinook salmon,Terminal Run,2013,1968,1966,2,NA,NA,2700,NA,NA,NA
,,,NA,1969,1966,3,NA,NA,59800,NA,NA,NA
,,,NA,1970,1966,4,NA,NA,45500,NA,NA,NA
,,,NA,1971,1966,5,NA,NA,100,NA,NA,NA
,,,NA,1972,1966,6,NA,NA,80,NA,NA,NA
,,,NA,1969,1967,2,NA,NA,5700,NA,NA,NA
,,,NA,1970,1967,3,NA,NA,115600,NA,NA,NA
,,,NA,1971,1967,4,NA,NA,47200,NA,NA,NA
,,,NA,1972,1967,5,NA,NA,600,NA,NA,NA
,,,NA,1973,1967,6,NA,NA,450,NA,NA,NA
,,,NA,1970,1968,2,NA,NA,4500,NA,NA,NA
,,,NA,1971,1968,3,NA,NA,68200,NA,NA,NA
,,,NA,1972,1968,4,NA,NA,23400,NA,NA,NA
,,,NA,1973,1968,5,NA,NA,2000,NA,NA,NA
,,,NA,1974,1968,6,NA,NA,1500,NA,NA,NA
,,,NA,1971,1969,2,NA,NA,3500,NA,NA,NA
,,,NA,1972,1969,3,NA,NA,21700,NA,NA,NA
,,,NA,1973,1969,4,NA,NA,54700,NA,NA,NA
,,,NA,1974,1969,5,NA,NA,1900,NA,NA,NA
,,,NA,1975,1969,6,NA,NA,1860,NA,NA,NA
,,,NA,1972,1970,2,NA,NA,5700,NA,NA,NA
,,,NA,1973,1970,3,NA,NA,56100,NA,NA,NA
,,,NA,1974,1970,4,NA,NA,25200,NA,NA,NA
,,,NA,1975,1970,5,NA,NA,11300,NA,NA,NA
,,,NA,1976,1970,6,NA,NA,10200,NA,NA,NA
,,,NA,1973,1971,2,NA,NA,8000,NA,NA,NA
,,,NA,1974,1971,3,NA,NA,43100,NA,NA,NA
,,,NA,1975,1971,4,NA,NA,43500,NA,NA,NA
,,,NA,1976,1971,5,NA,NA,8700,NA,NA,NA
,,,NA,1977,1971,6,NA,NA,6900,NA,NA,NA
,,,NA,1974,1972,2,NA,NA,6200,NA,NA,NA
,,,NA,1975,1972,3,NA,NA,129300,NA,NA,NA
,,,NA,1976,1972,4,NA,NA,129900,NA,NA,NA
,,,NA,1977,1972,5,NA,NA,2000,NA,NA,NA
,,,NA,1978,1972,6,NA,NA,1500,NA,NA,NA
,,,NA,1975,1973,2,NA,NA,16900,NA,NA,NA
,,,NA,1976,1973,3,NA,NA,43600,NA,NA,NA
,,,NA,1977,1973,4,NA,NA,40300,NA,NA,NA
,,,NA,1978,1973,5,NA,NA,700,NA,NA,NA
,,,NA,1979,1973,6,NA,NA,600,NA,NA,NA
,,,NA,1976,1974,2,NA,NA,15400,NA,NA,NA
,,,NA,1977,1974,3,NA,NA,65400,NA,NA,NA
,,,NA,1978,1974,4,NA,NA,45700,NA,NA,NA
,,,NA,1979,1974,5,NA,NA,700,NA,NA,NA
,,,NA,1980,1974,6,NA,NA,500,NA,NA,NA
,,,NA,1977,1975,2,NA,NA,6900,NA,NA,NA
,,,NA,1978,1975,3,NA,NA,53300,NA,NA,NA
,,,NA,1979,1975,4,NA,NA,28000,NA,NA,NA
,,,NA,1980,1975,5,NA,NA,200,NA,NA,NA
,,,NA,1981,1975,6,NA,NA,140,NA,NA,NA
,,,NA,1978,1976,2,NA,NA,10200,NA,NA,NA
,,,NA,1979,1976,3,NA,NA,66500,NA,NA,NA
,,,NA,1980,1976,4,NA,NA,40300,NA,NA,NA
,,,NA,1981,1976,5,NA,NA,1300,NA,NA,NA
,,,NA,1982,1976,6,NA,NA,1200,NA,NA,NA
,,,NA,1979,1977,2,NA,NA,4300,NA,NA,NA
,,,NA,1980,1977,3,NA,NA,57300,NA,NA,NA
,,,NA,1981,1977,4,NA,NA,25300,NA,NA,NA
,,,NA,1982,1977,5,NA,NA,200,NA,NA,NA
,,,NA,1983,1977,6,NA,NA,190,NA,NA,NA
,,,NA,1980,1978,2,NA,NA,7000,NA,NA,NA
,,,NA,1981,1978,3,NA,NA,59700,NA,NA,NA
,,,NA,1982,1978,4,NA,NA,26200,NA,NA,NA
,,,NA,1983,1978,5,NA,NA,300,NA,NA,NA
,,,NA,1984,1978,6,NA,NA,160,NA,NA,NA
,,,NA,1981,1979,2,NA,NA,16900,NA,NA,NA
,,,NA,1982,1979,3,NA,NA,94400,NA,NA,NA
,,,NA,1983,1979,4,NA,NA,14100,NA,NA,NA
,,,NA,1984,1979,5,NA,NA,200,NA,NA,NA
,,,NA,1985,1979,6,NA,NA,90,NA,NA,NA
,,,NA,1982,1980,2,NA,NA,1300,NA,NA,NA
,,,NA,1983,1980,3,NA,NA,14400,NA,NA,NA
,,,NA,1984,1980,4,NA,NA,7900,NA,NA,NA
,,,NA,1985,1980,5,NA,NA,800,NA,NA,NA
,,,NA,1986,1980,6,NA,NA,790,NA,NA,NA
,,,NA,1983,1981,2,NA,NA,3100,NA,NA,NA
,,,NA,1984,1981,3,NA,NA,30200,NA,NA,NA
,,,NA,1985,1981,4,NA,NA,8100,NA,NA,NA
,,,NA,1986,1981,5,NA,NA,200,NA,NA,NA
,,,NA,1987,1981,6,NA,NA,120,NA,NA,NA
,,,NA,1984,1982,2,NA,NA,1900,NA,NA,NA
,,,NA,1985,1982,3,NA,NA,24300,NA,NA,NA
,,,NA,1986,1982,4,NA,NA,6500,NA,NA,NA
,,,NA,1987,1982,5,NA,NA,100,NA,NA,NA
,,,NA,1988,1982,6,NA,NA,60,NA,NA,NA
,,,NA,1985,1983,2,NA,NA,600,NA,NA,NA
,,,NA,1986,1983,3,NA,NA,8400,NA,NA,NA
,,,NA,1987,1983,4,NA,NA,3500,NA,NA,NA
,,,NA,1988,1983,5,NA,NA,100,NA,NA,NA
,,,NA,1989,1983,6,NA,NA,70,NA,NA,NA
,,,NA,1986,1984,2,NA,NA,900,NA,NA,NA
,,,NA,1987,1984,3,NA,NA,4800,NA,NA,NA
,,,NA,1988,1984,4,NA,NA,4700,NA,NA,NA
,,,NA,1989,1984,5,NA,NA,600,NA,NA,NA
,,,NA,1990,1984,6,NA,NA,500,NA,NA,NA
,,,NA,1987,1985,2,NA,NA,600,NA,NA,NA
,,,NA,1988,1985,3,NA,NA,7200,NA,NA,NA
,,,NA,1989,1985,4,NA,NA,11100,NA,NA,NA
,,,NA,1990,1985,5,NA,NA,500,NA,NA,NA
,,,NA,1991,1985,6,NA,NA,400,NA,NA,NA
,,,NA,1988,1986,2,NA,NA,2600,NA,NA,NA
,,,NA,1989,1986,3,NA,NA,15100,NA,NA,NA
,,,NA,1990,1986,4,NA,NA,8200,NA,NA,NA
,,,NA,1991,1986,5,NA,NA,1100,NA,NA,NA
,,,NA,1992,1986,6,NA,NA,1000,NA,NA,NA
,,,NA,1989,1987,2,NA,NA,2400,NA,NA,NA
,,,NA,1990,1987,3,NA,NA,10300,NA,NA,NA
,,,NA,1991,1987,4,NA,NA,8800,NA,NA,NA
,,,NA,1992,1987,5,NA,NA,500,NA,NA,NA
,,,NA,1993,1987,6,NA,NA,400,NA,NA,NA
,,,NA,1990,1988,2,NA,NA,8500,NA,NA,NA
,,,NA,1991,1988,3,NA,NA,42500,NA,NA,NA
,,,NA,1992,1988,4,NA,NA,9800,NA,NA,NA
,,,NA,1993,1988,5,NA,NA,600,NA,NA,NA
,,,NA,1994,1988,6,NA,NA,500,NA,NA,NA
,,,NA,1991,1989,2,NA,NA,2900,NA,NA,NA
,,,NA,1992,1989,3,NA,NA,19200,NA,NA,NA
,,,NA,1993,1989,4,NA,NA,7900,NA,NA,NA
,,,NA,1994,1989,5,NA,NA,1100,NA,NA,NA
,,,NA,1995,1989,6,NA,NA,1000,NA,NA,NA
,,,NA,1992,1990,2,NA,NA,1200,NA,NA,NA
,,,NA,1993,1990,3,NA,NA,8300,NA,NA,NA
,,,NA,1994,1990,4,NA,NA,3800,NA,NA,NA
,,,NA,1995,1990,5,NA,NA,800,NA,NA,NA
,,,NA,1996,1990,6,NA,NA,700,NA,NA,NA
,,,NA,1993,1991,2,NA,NA,2000,NA,NA,NA
,,,NA,1994,1991,3,NA,NA,8300,NA,NA,NA
,,,NA,1995,1991,4,NA,NA,4500,NA,NA,NA
,,,NA,1996,1991,5,NA,NA,100,NA,NA,NA
,,,NA,1997,1991,6,NA,NA,60,NA,NA,NA
,,,NA,1994,1992,2,NA,NA,2100,NA,NA,NA
,,,NA,1995,1992,3,NA,NA,19200,NA,NA,NA
,,,NA,1996,1992,4,NA,NA,3200,NA,NA,NA
,,,NA,1997,1992,5,NA,NA,400,NA,NA,NA
,,,NA,1998,1992,6,NA,NA,300,NA,NA,NA
,,,NA,1995,1993,2,NA,NA,3100,NA,NA,NA
,,,NA,1996,1993,3,NA,NA,19900,NA,NA,NA
,,,NA,1997,1993,4,NA,NA,16800,NA,NA,NA
,,,NA,1998,1993,5,NA,NA,500,NA,NA,NA
,,,NA,1999,1993,6,NA,NA,400,NA,NA,NA
,,,NA,1996,1994,2,NA,NA,2100,NA,NA,NA
,,,NA,1997,1994,3,NA,NA,9200,NA,NA,NA
,,,NA,1998,1994,4,NA,NA,8900,NA,NA,NA
,,,NA,1999,1994,5,NA,NA,800,NA,NA,NA
,,,NA,2000,1994,6,NA,NA,700,NA,NA,NA
,,,NA,1997,1995,2,NA,NA,1000,NA,NA,NA
,,,NA,1998,1995,3,NA,NA,10800,NA,NA,NA
,,,NA,1999,1995,4,NA,NA,14100,NA,NA,NA
,,,NA,2000,1995,5,NA,NA,1700,NA,NA,NA
,,,NA,2001,1995,6,NA,NA,1500,NA,NA,NA
,,,NA,1998,1996,2,NA,NA,12000,NA,NA,NA
,,,NA,1999,1996,3,NA,NA,35200,NA,NA,NA
,,,NA,2000,1996,4,NA,NA,8200,NA,NA,NA
,,,NA,2001,1996,5,NA,NA,200,NA,NA,NA
,,,NA,2002,1996,6,NA,NA,100,NA,NA,NA
,,,NA,1999,1997,2,NA,NA,300,NA,NA,NA
,,,NA,2000,1997,3,NA,NA,10700,NA,NA,NA
,,,NA,2001,1997,4,NA,NA,15100,NA,NA,NA
,,,NA,2002,1997,5,NA,NA,900,NA,NA,NA
,,,NA,2003,1997,6,NA,NA,800,NA,NA,NA
,,,NA,2000,1998,2,NA,NA,10800,NA,NA,NA
,,,NA,2001,1998,3,NA,NA,109600,NA,NA,NA
,,,NA,2002,1998,4,NA,NA,33400,NA,NA,NA
,,,NA,2003,1998,5,NA,NA,1600,NA,NA,NA
,,,NA,2004,1998,6,NA,NA,1500,NA,NA,NA
,,,NA,2001,1999,2,NA,NA,22200,NA,NA,NA
,,,NA,2002,1999,3,NA,NA,124000,NA,NA,NA
,,,NA,2003,1999,4,NA,NA,100800,NA,NA,NA
,,,NA,2004,1999,5,NA,NA,1700,NA,NA,NA
,,,NA,2005,1999,6,NA,NA,1500,NA,NA,NA
,,,NA,2002,2000,2,NA,NA,7700,NA,NA,NA
,,,NA,2003,2000,3,NA,NA,78200,NA,NA,NA
,,,NA,2004,2000,4,NA,NA,47400,NA,NA,NA
,,,NA,2005,2000,5,NA,NA,1200,NA,NA,NA
,,,NA,2006,2000,6,NA,NA,1000,NA,NA,NA
,,,NA,2003,2001,2,NA,NA,14000,NA,NA,NA
,,,NA,2004,2001,3,NA,NA,126200,NA,NA,NA
,,,NA,2005,2001,4,NA,NA,48000,NA,NA,NA
,,,NA,2006,2001,5,NA,NA,800,NA,NA,NA
,,,NA,2007,2001,6,NA,NA,700,NA,NA,NA
,,,NA,2004,2002,2,NA,NA,6500,NA,NA,NA
,,,NA,2005,2002,3,NA,NA,54300,NA,NA,NA
,,,NA,2006,2002,4,NA,NA,9300,NA,NA,NA
,,,NA,2007,2002,5,NA,NA,100,NA,NA,NA
,,,NA,2008,2002,6,NA,NA,75,NA,NA,NA
,,,NA,2005,2003,2,NA,NA,3600,NA,NA,NA
,,,NA,2006,2003,3,NA,NA,17800,NA,NA,NA
,,,NA,2007,2003,4,NA,NA,5600,NA,NA,NA
,,,NA,2008,2003,5,NA,NA,0,NA,NA,NA
,,,NA,2009,2003,6,NA,NA,175,NA,NA,NA
,,,NA,2006,2004,2,NA,NA,1400,NA,NA,NA
,,,NA,2007,2004,3,NA,NA,8800,NA,NA,NA
,,,NA,2008,2004,4,NA,NA,1600,NA,NA,NA
,,,NA,2009,2004,5,NA,NA,300,NA,NA,NA
,,,NA,2010,2004,6,NA,NA,150,NA,NA,NA
,,,NA,2007,2005,2,NA,NA,13000,NA,NA,NA
,,,NA,2008,2005,3,NA,NA,92200,NA,NA,NA
,,,NA,2009,2005,4,NA,NA,17600,NA,NA,NA
,,,NA,2010,2005,5,NA,NA,0,NA,NA,NA
,,,NA,2011,2005,6,NA,NA,50,NA,NA,NA
,,,NA,2008,2006,2,NA,NA,1900,NA,NA,NA
,,,NA,2009,2006,3,NA,NA,31000,NA,NA,NA
,,,NA,2010,2006,4,NA,NA,5400,NA,NA,NA
,,,NA,2011,2006,5,NA,NA,0,NA,NA,NA
,,,NA,2012,2006,6,NA,NA,100,NA,NA,NA
,,,NA,2009,2007,2,NA,NA,24600,NA,NA,NA
,,,NA,2010,2007,3,NA,NA,123100,NA,NA,NA
,,,NA,2011,2007,4,NA,NA,15100,NA,NA,NA
,,,NA,2012,2007,5,NA,NA,100,NA,NA,NA
,,,NA,2010,2008,2,NA,NA,9300,NA,NA,NA
,,,NA,2011,2008,3,NA,NA,55400,NA,NA,NA
,,,NA,2012,2008,4,NA,NA,13600,NA,NA,NA
,,,NA,2011,2009,2,NA,NA,8500,NA,NA,NA
,,,NA,2012,2009,3,NA,NA,43100,NA,NA,NA
,,,NA,2012,2010,2,NA,NA,4200,NA,NA,NA
